SA2 Code,SA2 Name,Region (SA3),LGA Code,LGA Name,Total Businesses,Manufacturing Businesses,Healthcare Businesses,Tourism Businesses,Unemployment,Unemployment Rate (%),JobSeeker Payment,Labour Force,Value of building job(s),Number of dwellings approved,Total Spend,House Price (Current),House Rent (P/W),Listing Visits per Property,Unit Price (Current),Unit Rent (P/W),Median Household Income,Total Population,Population Change 2023-24,Net overseas migration,Net internal migration,Natural increase in ERP,Median Age,% Under 20,% Over 69,% Born Overseas,% Language Other Than English,Population density 2024 (persons/km2),% Completed Year 12,% Bachelor Degree,% Indigenous,Total Indigenous,Homelessness,Age Pension,Pension Concession Card,Commonwealth Rent Assistance,Family Tax Benefit A,Youth Allowance (other),Parenting Payment Single,Health Care Card,Carer Allowance,Disability Support Pension,Airbnb Occupancy Rate,Airbnb ADR,Airbnb  Gross Revenue,Airbnb Active Listings,Index of Relative Socio-economic Advantage and Disadvantage,Index of Education and Occupation,Index of Relative Socio-economic Disadvantage ,Index of Economic Resources,"Assault Rate (per 1,000)","Theft Rate (per 1,000)","Intimidation, Stalking & Harassment Rate (per 1,000)","Malicious Damage to Property Rate (per 1,000)","Drug Offences Rate (per 1,000)"
120031394,Dulwich Hill - Lewisham,Strathfield - Burwood - Ashfield,14170,Inner West,1354.0,36.0,124.0,54.0,608.0,4.9,485.0,12439.0,,,,,,,,,1837.0,18681.0,196.0,322.0,-208.0,82.0,37.0,,,32.88,30.0,6914.8,57.19,20.74,1.49,251.0,121.0,1300.0,2120.0,930.0,340.0,35.0,95.0,630.0,260.0,370.0,,,,,1105.692916,1136.8504283,1050.854798,973.9932154,,,,,
115011555,Castle Hill - North,Baulkham Hills,17420,The Hills,1465.0,42.0,154.0,60.0,,,180.0,,397453.45,400.0,,,,,,,2344.0,12572.0,56.0,252.0,-198.0,2.0,41.0,,,36.67,31.37,1844.8,54.4,18.58,0.33,39.0,55.0,885.0,1235.0,330.0,310.0,15.0,55.0,330.0,160.0,140.0,,,,,1130.677485,1122.5759918,1092.161404,1118.878635,,,,,
122021691,North Narrabeen - Warriewood (South),Pittwater,15990,Northern Beaches,,,,,,,,,,,,,,,,,,11056.0,-40.0,183.0,-254.0,31.0,,,,,,2125.7,,,,,,,,,,,,,,,,,,,,,,,,,,,
118021651,Coogee - Clovelly,Eastern Suburbs - South,16550,Randwick,,,,,,,,,,,,,,,,,,20427.0,263.0,613.0,-557.0,207.0,,,,,,7556.0,,,,,,,,,,,,,,,,,,,,,,,,,,,
122021421,Bayview - Elanora Heights,Pittwater,15990,Northern Beaches,1528.0,51.0,57.0,30.0,230.0,3.9,110.0,5969.0,42464.81,15.0,,,,,,,2127.0,11332.0,38.0,146.0,-105.0,-3.0,47.0,,,23.69,7.91,175.5,50.12,16.28,0.49,53.0,34.0,945.0,1230.0,200.0,185.0,5.0,40.0,165.0,105.0,120.0,,,,,1124.487756,1107.0656676,1097.785493,1120.358113,,,,,
117031646,Ultimo,Sydney Inner City,17200,Sydney,,,,,,,,,,,,,,,,,,10044.0,723.0,1158.0,-477.0,42.0,,,,,,17974.2,,,,,,,,,,,,,,,,,,,,,,,,,,,
111031233,Wallsend - Elermore Vale,Newcastle,15900,Newcastle,1127.0,26.0,125.0,48.0,723.0,6.3,840.0,11471.0,45808.44700000001,61.0,,,,,,,1189.0,21691.0,296.0,163.0,148.0,-15.0,40.0,21.56,16.79,13.63,10.95,1007.9,33.53,9.92,4.33,849.0,204.0,3055.0,5215.0,1420.0,985.0,145.0,305.0,1145.0,655.0,1105.0,,,,,960.9333841,967.85329052,976.4232152,962.2779259,,,,,
122031694,Dee Why (South) - North Curl Curl,Warringah,15990,Northern Beaches,,,,,,,,,,,,,,,,,,9396.0,35.0,188.0,-215.0,62.0,,,,,,4718.1,,,,,,,,,,,,,,,,,,,,,,,,,,,
115011554,Castle Hill - East,Baulkham Hills,14000,Hornsby,447.0,7.0,54.0,14.0,,,25.0,,6384.6140000000005,0.0,,,,,,,1695.0,5384.0,-10.0,91.0,65.0,-166.0,51.0,,,39.46,33.02,2598.5,50.21,18.68,0.23,13.0,,780.0,870.0,120.0,90.0,5.0,5.0,95.0,50.0,40.0,,,,,1089.270164,1084.2838952,1059.096521,1079.226558,,,,,
125021477,Ermington - Rydalmere,Carlingford,16260,Parramatta,2995.0,134.0,149.0,118.0,593.0,3.6,775.0,16278.0,,,,,,,,,,,,,,,,,,,,,,,,,76.0,2045.0,3710.0,895.0,1010.0,55.0,150.0,1075.0,580.0,765.0,,,,,1044.723644,1060.44054,1007.926055,998.8315132,,,,,
111031222,Adamstown - Kotara,Newcastle,15900,Newcastle,1320.0,25.0,220.0,56.0,338.0,3.3,440.0,10130.0,153211.639,216.0,,,,,,,1547.0,17326.0,246.0,107.0,19.0,120.0,38.0,25.69,12.01,11.92,7.99,2160.8,42.72,14.8,2.42,377.0,132.0,1470.0,2480.0,830.0,500.0,55.0,135.0,640.0,315.0,520.0,,,,,1054.346697,1054.2586921,1060.835448,1027.956192,,,,,
125041493,Toongabbie - Constitution Hill,Parramatta,16260,Parramatta,2160.0,48.0,150.0,81.0,534.0,3.7,600.0,14260.0,,,,,,,,,,,,,,,,,,,,,,,,,20.0,2515.0,3835.0,970.0,820.0,55.0,155.0,890.0,505.0,550.0,,,,,1036.30862,1040.6514936,1019.923648,1010.69264,,,,,
106021617,Tenambit - East Maitland,Maitland,15050,Maitland,,,,,,,,,,,,,,,,,,10469.0,72.0,28.0,12.0,32.0,,,,,,605.8,,,,,,,,,,,,,,,,,,,,,,,,,,,
122031692,Belrose,Warringah,15990,Northern Beaches,,,,,,,,,,,,,,,,,,8786.0,49.0,83.0,61.0,-95.0,,,,,,653.8,,,,,,,,,,,,,,,,,,,,,,,,,,,
117031645,Sydney (South) - Haymarket,Sydney Inner City,17200,Sydney,,,,,,,,,,,,,,,,,,23756.0,1097.0,2253.0,-1238.0,82.0,,,,,,21975.9,,,,,,,,,,,,,,,,,,,,,,,,,,,
111021216,Bonnells Bay - Silverwater,Lake Macquarie - West,14650,Lake Macquarie,580.0,19.0,37.0,20.0,290.0,5.8,375.0,4998.0,31519.725,24.0,,,,,,,1238.0,10140.0,113.0,44.0,5.0,64.0,43.0,23.54,16.5,11.98,4.08,998.1,29.94,8.06,4.37,381.0,31.0,1485.0,2385.0,725.0,570.0,55.0,200.0,550.0,315.0,370.0,,,,,963.2082322,944.27517125,992.5430443,1011.382347,,,,,
102021057,Wyong,Wyong,11650,Central Coast (NSW),829.0,43.0,53.0,67.0,392.0,8.9,615.0,4423.0,28052.646999999997,21.0,11999000.0,898000.0,630.0,1108.0,565000.0,538.0,1056.0,9360.0,61.0,70.0,-56.0,47.0,40.0,24.62,13.09,15.01,8.18,622.6,27.15,5.46,6.61,583.0,236.0,1175.0,2710.0,1180.0,710.0,105.0,240.0,735.0,425.0,760.0,,,,,891.5212007,897.04498859,897.2578852,924.6398615,12.36,42.12,23.19,19.58,16.41
120031395,Haberfield - Summer Hill,Strathfield - Burwood - Ashfield,14170,Inner West,1549.0,38.0,217.0,70.0,326.0,3.7,305.0,8720.0,,,,,,,,,2020.0,14007.0,119.0,224.0,-99.0,-6.0,39.0,,,32.12,30.78,4031.3,55.66,21.31,0.76,103.0,66.0,980.0,1560.0,560.0,195.0,15.0,25.0,385.0,215.0,340.0,,,,,1123.717527,1136.2015629,1073.465493,1031.698678,,,,,
102021053,The Entrance,Wyong,11650,Central Coast (NSW),1237.0,33.0,82.0,94.0,468.0,5.9,910.0,7907.0,93188.37800000001,139.0,13249000.0,1405800.0,775.2,639.8,851040.0,603.0,984.0,16155.0,187.0,138.0,25.0,24.0,45.0,18.77,18.77,12.55,5.99,1165.8,29.13,7.06,4.42,661.0,273.0,2660.0,4740.0,2030.0,900.0,90.0,355.0,885.0,535.0,920.0,18.25,336.33058472832636,355429.82772042765,281.566667,934.6353236,943.62252398,944.5813956,929.5820847,5.24,26.33,9.66,8.9,4.74
115041623,Box Hill - Nelson,Rouse Hill - McGraths Hill,17420,The Hills,,,,,,,,,,,,,,,,,,22420.0,4042.0,137.0,3550.0,355.0,,,,,,1064.0,,,,,,,,,,,,,,,,,,,,,,,,,,,
106021114,Maitland,Maitland,15050,Maitland,831.0,23.0,90.0,48.0,215.0,4.3,445.0,4953.0,,,,,,,,,1430.0,9537.0,168.0,25.0,82.0,61.0,35.0,27.2,9.18,8.12,3.79,297.3,29.79,7.54,5.9399999999999995,392.0,116.0,820.0,1825.0,930.0,610.0,65.0,215.0,570.0,325.0,425.0,,,,,963.9537798,940.85786467,987.0097829,1013.436397,,,,,
118021652,Malabar - La Perouse,Eastern Suburbs - South,16550,Randwick,,,,,,,,,,,,,,,,,,10915.0,114.0,192.0,-22.0,-56.0,,,,,,1297.6,,,,,,,,,,,,,,,,,,,,,,,,,,,
111011211,Redhead,Lake Macquarie - East,14650,Lake Macquarie,369.0,17.0,37.0,4.0,37.0,1.9,90.0,1933.0,11033.026,9.0,,,,,,,1281.0,3746.0,-23.0,20.0,14.0,-57.0,46.0,23.81,20.48,10.27,4.04,1016.8,35.27,12.26,2.65,93.0,12.0,760.0,965.0,435.0,70.0,5.0,15.0,85.0,75.0,105.0,,,,,1035.0505,1011.5441006,1042.743233,1057.076925,,,,,
104021085,Coffs Harbour - South,Coffs Harbour,11800,Coffs Harbour,1453.0,52.0,223.0,100.0,,,825.0,,,,,,,,,,,11391.0,22.0,123.0,-7.0,-94.0,,,,,,338.0,,,,,,1830.0,3490.0,1610.0,760.0,115.0,245.0,810.0,345.0,780.0,,,,,925.4843319,941.96394813,928.6519122,929.3466585,,,,,
117031641,Pyrmont,Sydney Inner City,17200,Sydney,,,,,,,,,,,,,,,,,,13958.0,219.0,925.0,-761.0,55.0,,,,,,15010.2,,,,,,,,,,,,,,,,,,,,,,,,,,,
111011212,Swansea - Caves Beach,Lake Macquarie - East,14650,Lake Macquarie,847.0,22.0,66.0,31.0,253.0,4.1,425.0,6168.0,55441.917,67.0,,,,,,,1169.0,12984.0,137.0,66.0,120.0,-49.0,48.0,21.56,19.26,9.72,2.7199999999999998,400.7,27.78,8.2,3.71,428.0,79.0,2155.0,3220.0,680.0,470.0,35.0,155.0,490.0,385.0,485.0,,,,,979.7310081,956.93671738,1001.465079,1012.64139,,,,,
122031432,Terrey Hills - Duffys Forest,Warringah,15990,Northern Beaches,621.0,31.0,36.0,26.0,73.0,3.7,40.0,1956.0,9128.355,2.0,,,,,,,2479.0,3629.0,-58.0,40.0,-60.0,-38.0,44.0,,,21.72,9.11,51.4,46.27,15.25,0.74,27.0,16.0,275.0,385.0,90.0,40.0,5.0,5.0,65.0,25.0,70.0,,,,,1122.613681,1086.892055,1105.677315,1136.108068,,,,,
122031696,Frenchs Forest - Oxford Falls,Warringah,15990,Northern Beaches,,,,,,,,,,,,,,,,,,17622.0,223.0,255.0,-100.0,68.0,,,,,,1055.6,,,,,,,,,,,,,,,,,,,,,,,,,,,
106021614,East Maitland - Metford,Maitland,15050,Maitland,,,,,,,,,,,,,,,,,,18260.0,9.0,79.0,-151.0,81.0,,,,,,842.4,,,,,,,,,,,,,,,,,,,,,,,,,,,
102011028,Avoca Beach - Copacabana,Gosford,11650,Central Coast (NSW),808.0,13.0,79.0,27.0,51.0,1.2,130.0,4254.0,38595.206,20.0,2273000.0,1657750.0,859.0,1351.5,1570000.0,660.0,1869.0,7570.0,77.0,91.0,-37.0,23.0,41.0,27.71,11.3,17.61,5.09,1175.9,44.53,14.74,1.67,122.0,44.0,665.0,950.0,290.0,225.0,10.0,60.0,175.0,100.0,105.0,18.5,460.6258132284252,665021.428073887,347.6,1084.477302,1084.2727807,1079.308985,1102.737367,1.06,14.74,2.66,4.12,0.27
117031331,Glebe - Forest Lodge,Sydney Inner City,17200,Sydney,2154.0,36.0,268.0,137.0,929.0,6.8,835.0,13682.0,,,,,,,,,1814.0,21794.0,286.0,843.0,-657.0,100.0,33.0,,,37.78,26.5,9468.2,66.99,27.16,1.76,346.0,208.0,1160.0,2775.0,1040.0,370.0,60.0,140.0,895.0,270.0,905.0,,,,,1109.997985,1169.2516174,1022.161853,901.6447518,,,,,
111021215,Bolton Point - Teralba,Lake Macquarie - West,14650,Lake Macquarie,479.0,23.0,47.0,21.0,338.0,6.5,370.0,5179.0,25939.223,24.0,,,,,,,1150.0,10548.0,60.0,30.0,72.0,-42.0,44.0,23.15,17.23,8.55,3.38,480.1,26.13,6.5600000000000005,6.47,552.0,85.0,1465.0,2685.0,705.0,535.0,75.0,205.0,480.0,395.0,605.0,,,,,938.5970606,926.42147449,962.7287439,983.5976973,,,,,
111031234,Waratah - North Lambton,Newcastle,15900,Newcastle,642.0,9.0,89.0,26.0,390.0,5.0,490.0,7728.0,34026.011,40.0,,,,,,,1195.0,13065.0,32.0,151.0,-31.0,-88.0,36.0,19.55,14.34,14.16,10.07,2554.8,40.95,12.2,4.47,539.0,120.0,1365.0,2565.0,975.0,460.0,75.0,145.0,710.0,255.0,660.0,,,,,987.3598297999999,1010.602162,991.8826525,939.439406,,,,,
118021568,Maroubra - West,Eastern Suburbs - South,16550,Randwick,1044.0,19.0,105.0,58.0,243.0,3.7,145.0,6533.0,,,,,,,,,1662.0,10756.0,247.0,480.0,-296.0,63.0,33.0,,,50.54,48.03,5256.1,59.32,20.1,0.73,74.0,,725.0,990.0,295.0,160.0,10.0,20.0,230.0,130.0,150.0,,,,,1096.151217,1097.2614938,1050.67606,994.7375245,,,,,
117031648,Zetland,Sydney Inner City,17200,Sydney,,,,,,,,,,,,,,,,,,14313.0,340.0,661.0,-433.0,112.0,,,,,,17786.8,,,,,,,,,,,,,,,,,,,,,,,,,,,
121031408,Lindfield - Roseville,Ku-ring-gai,14500,Ku-ring-gai,,,,,339.0,2.5,,13807.0,,,,,,,,,2760.0,25605.0,319.0,662.0,-345.0,2.0,40.0,,,36.69,28.85,2155.9,61.9,25.7,0.15,34.0,33.0,,,,,,,,,,,,,,,,,,,,,,
104021086,Coramba - Nana Glen - Bucca,Coffs Harbour,11800,Coffs Harbour,473.0,21.0,27.0,12.0,,,195.0,,,,,,,,,,,4049.0,36.0,20.0,6.0,10.0,,,,,,11.1,,,,,,460.0,840.0,250.0,260.0,15.0,65.0,210.0,110.0,145.0,,,,,982.0101343,953.8382612,1023.808183,1055.352601,,,,,
102021056,Warnervale - Wadalba,Wyong,11650,Central Coast (NSW),1177.0,42.0,124.0,39.0,375.0,3.1,560.0,12210.0,96418.53399999999,228.0,16757000.0,996875.0,773.75,714.25,573000.0,663.3333333333334,1678.0,22353.0,650.0,122.0,469.0,59.0,35.0,31.45,10.85,14.95,7.48,521.2,29.71,6.16,4.5600000000000005,694.0,70.0,2080.0,3900.0,1555.0,1370.0,120.0,470.0,1055.0,755.0,745.0,,,,,992.2511198,959.62711675,1002.288512,1052.854975,3.49,11.31,5.38,4.49,2.04
117031639,Chippendale,Sydney Inner City,17200,Sydney,,,,,,,,,,,,,,,,,,9490.0,200.0,792.0,-627.0,35.0,,,,,,20443.8,,,,,,,,,,,,,,,,,,,,,,,,,,,
111031229,Newcastle - Cooks Hill,Newcastle,15900,Newcastle,3130.0,69.0,393.0,216.0,402.0,4.1,645.0,9722.0,158162.759,54.0,,,,,,,1648.0,14264.0,502.0,261.0,187.0,54.0,37.0,13.16,11.28,15.92,8.17,3586.4,58.5,24.02,2.44,263.0,427.0,905.0,1915.0,715.0,240.0,45.0,80.0,700.0,135.0,565.0,,,,,1080.104529,1119.4103088,1048.48373,944.5463295,,,,,
117021327,Petersham - Stanmore,Marrickville - Sydenham - Petersham,14170,Inner West,1940.0,46.0,190.0,124.0,757.0,5.5,670.0,13738.0,,,,,,,,,2062.0,20986.0,297.0,441.0,-238.0,94.0,35.0,,,27.9,20.74,6987.6,60.81,24.75,1.3,264.0,109.0,1115.0,1995.0,1090.0,235.0,45.0,55.0,810.0,205.0,465.0,,,,,1130.313362,1152.72372,1068.900853,980.2777497,,,,,
108051169,Taree,Taree - Gloucester,15240,Mid-Coast,,,,,707.0,7.9,,8902.0,,,,,,,,,849.0,21415.0,95.0,70.0,67.0,-42.0,46.0,,,7.72,3.24,171.2,23.06,4.93,9.98,2044.0,550.0,,,,,,,,,,,,,,,,,,,,,,
121031407,Gordon - Killara,Ku-ring-gai,14500,Ku-ring-gai,,,,,420.0,3.3,,12657.0,,,,,,,,,2428.0,23783.0,501.0,715.0,-179.0,-35.0,40.0,,,46.44,39.14,2037.7,63.73,25.8,0.12,26.0,13.0,,,,,,,,,,,,,,,,,,,,,,
104021088,Korora - Emerald Beach,Coffs Harbour,11800,Coffs Harbour,953.0,19.0,129.0,42.0,,,240.0,,,,,,,,,,,10833.0,201.0,87.0,68.0,46.0,,,,,,187.8,,,,,,1170.0,1785.0,475.0,460.0,35.0,130.0,335.0,225.0,210.0,,,,,1033.530458,1019.9541137,1053.145193,1066.535894,,,,,
118011342,Centennial Park,Eastern Suburbs - North,16550,Randwick,3.0,0.0,0.0,0.0,,,0.0,,,,,,,,,,0.0,0.0,0.0,0.0,0.0,0.0,0.0,,,,,0.0,,,,0.0,,0.0,0.0,0.0,0.0,0.0,0.0,0.0,0.0,0.0,,,,,,,,,,,,,
108011154,Tuncurry,Great Lakes,15240,Mid-Coast,,,,,129.0,5.7,,2258.0,,,,,,,,,750.0,6299.0,-40.0,22.0,63.0,-125.0,61.0,,,9.94,3.01,402.0,19.75,4.14,4.03,249.0,59.0,,,,,,,,,,,,,,,,,,,,,,
125041491,Northmead,Parramatta,16260,Parramatta,2184.0,37.0,402.0,77.0,349.0,2.4,430.0,14835.0,,,,,,,,,,,,,,,,,,,,,,,,,10.0,1480.0,2405.0,870.0,630.0,35.0,125.0,660.0,315.0,445.0,,,,,1061.38783,1096.0567861,1036.8369,962.7728902,,,,,
111021218,Morisset - Cooranbong,Lake Macquarie - West,14650,Lake Macquarie,1589.0,74.0,108.0,42.0,480.0,5.2,720.0,9268.0,364159.645,481.0,,,,,,,1117.0,20319.0,925.0,74.0,917.0,-66.0,46.0,21.87,21.26,13.9,4.82,61.5,29.04,8.04,3.65,546.0,81.0,3490.0,5330.0,1915.0,1105.0,85.0,350.0,1050.0,685.0,835.0,,,,,959.6069133,940.36241228,979.6019128,1006.25384,,,,,
118021565,Kingsford,Eastern Suburbs - South,16550,Randwick,1211.0,19.0,134.0,81.0,398.0,3.9,255.0,10108.0,,,,,,,,,1379.0,16380.0,774.0,1602.0,-872.0,44.0,27.0,,,58.71,57.05,8132.7,67.84,23.89,0.62,96.0,26.0,810.0,1210.0,430.0,220.0,20.0,45.0,420.0,160.0,185.0,,,,,1089.164065,1119.5802705,1032.056285,940.6513116,,,,,
120021675,Leichhardt,Leichhardt,14170,Inner West,,,,,,,,,,,,,,,,,,18209.0,276.0,269.0,-111.0,118.0,,,,,,6102.6,,,,,,,,,,,,,,,,,,,,,,,,,,,
111021220,Wangi Wangi - Rathmines,Lake Macquarie - West,14650,Lake Macquarie,582.0,25.0,35.0,24.0,201.0,4.2,290.0,4772.0,27130.095999999998,37.0,,,,,,,1299.0,9632.0,37.0,36.0,-17.0,18.0,47.0,21.42,17.99,10.59,2.93,731.3,32.51,8.94,4.07,362.0,34.0,1525.0,2255.0,445.0,375.0,30.0,120.0,360.0,300.0,280.0,,,,,987.6909272,964.26106267,1020.839657,1033.721249,,,,,
121031411,Turramurra,Ku-ring-gai,14500,Ku-ring-gai,,,,,260.0,2.4,,10615.0,,,,,,,,,2459.0,20694.0,221.0,293.0,24.0,-96.0,44.0,,,33.07,20.34,1002.5,58.54,23.17,0.17,33.0,13.0,,,,,,,,,,,,,,,,,,,,,,
102021054,Toukley - Norah Head,Wyong,11650,Central Coast (NSW),651.0,18.0,66.0,39.0,272.0,6.1,485.0,4485.0,39590.077999999994,31.0,8847000.0,1122875.0,622.5,687.0,757625.0,503.25,971.0,9847.0,-19.0,31.0,61.0,-111.0,48.0,20.7,20.66,10.62,3.2,935.9,24.49,5.52,4.93,482.0,134.0,1830.0,3210.0,1425.0,590.0,60.0,260.0,530.0,370.0,665.0,15.0,385.33263072634116,170656.1738095238,70.66666599999999,913.5068101,903.68103875,938.6075626,950.2519982,4.84,19.08,11.3,8.07,4.54
122021690,Mona Vale - Warriewood (North),Pittwater,15990,Northern Beaches,,,,,,,,,,,,,,,,,,14944.0,127.0,190.0,-13.0,-50.0,,,,,,2312.7,,,,,,,,,,,,,,,,,,,,,,,,,,,
125041489,North Parramatta,Parramatta,16260,Parramatta,2855.0,55.0,234.0,99.0,625.0,3.9,825.0,16214.0,,,,,,,,,,,,,,,,,,,,,,,,,98.0,1535.0,3000.0,1350.0,770.0,50.0,165.0,960.0,395.0,660.0,,,,,1043.493446,1091.5390571,1006.88427,918.4476546,,,,,
125041494,Winston Hills,Parramatta,16260,Parramatta,934.0,24.0,85.0,37.0,105.0,1.6,145.0,6728.0,,,,,,,,,,,,,,,,,,,,,,,,,11.0,1090.0,1475.0,220.0,230.0,10.0,35.0,260.0,210.0,160.0,,,,,1098.38718,1081.8036464,1082.795053,1100.827047,,,,,
102011043,Wyoming,Gosford,11650,Central Coast (NSW),606.0,16.0,68.0,31.0,251.0,4.4,430.0,5682.0,10496.189,7.0,10469000.0,953000.0,700.0,2044.0,685000.0,570.0,1229.0,11339.0,37.0,68.0,2.0,-33.0,42.0,24.46,17.95,17.93,7.89,1352.9,34.57,8.25,3.37,385.0,48.0,1825.0,2875.0,670.0,625.0,50.0,175.0,585.0,360.0,470.0,,,,,958.8160209,964.95199144,980.8387969,986.3200502,3.33,16.3,5.43,3.94,1.23
108011152,Forster,Great Lakes,15240,Mid-Coast,,,,,290.0,4.9,,5929.0,,,,,,,,,871.0,14899.0,161.0,50.0,257.0,-146.0,54.0,,,10.14,2.86,439.8,26.02,6.95,5.85,835.0,196.0,,,,,,,,,,,,,,,,,,,,,,
106031124,Tea Gardens - Hawks Nest,Port Stephens,15240,Mid-Coast,361.0,12.0,30.0,23.0,62.0,3.5,205.0,1774.0,,,,,,,,,903.0,5806.0,14.0,28.0,77.0,-91.0,62.0,10.55,39.66,14.63,3.87,28.4,28.79,7.76,4.47,225.0,29.0,1755.0,2260.0,335.0,135.0,15.0,50.0,195.0,205.0,205.0,,,,,954.802281,931.52548144,998.4542631,994.3830686,,,,,
111031230,Newcastle Port - Kooragang,Newcastle,15900,Newcastle,71.0,17.0,0.0,0.0,,,5.0,,1315.647,0.0,,,,,,,1312.0,28.0,0.0,0.0,0.0,0.0,51.0,,,0.0,0.0,0.9,15.0,0.0,0.0,0.0,,0.0,5.0,5.0,5.0,0.0,0.0,5.0,5.0,5.0,,,,,,,,,,,,,
118021653,Matraville - Chifley,Eastern Suburbs - South,16550,Randwick,,,,,,,,,,,,,,,,,,13966.0,219.0,219.0,-29.0,29.0,,,,,,4091.0,,,,,,,,,,,,,,,,,,,,,,,,,,,
102011042,Woy Woy - Blackwall,Gosford,11650,Central Coast (NSW),835.0,28.0,75.0,50.0,363.0,5.3,735.0,6807.0,40607.966,54.0,17879000.0,1121000.0,650.0,1586.0,806500.0,590.0,1040.0,14554.0,117.0,116.0,87.0,-86.0,47.0,19.89,19.86,16.64,7.31,836.6,32.32,7.8100000000000005,4.62,643.0,115.0,2590.0,4395.0,1365.0,800.0,80.0,270.0,765.0,525.0,860.0,26.0,360.95410321489,71107.95833333333,28.433333,946.047375,949.38075167,950.755505,935.040708,6.0,19.66,8.44,9.27,4.6
126011496,Pennant Hills - Cheltenham,Pennant Hills - Epping,14000,Hornsby,,,,,,,,,83555.081,62.0,,,,,,,,,,,,,,,,,,,,,,,,,,,,,,,,,,,,,,,,,,,,,
118021564,Kensington (NSW),Eastern Suburbs - South,16550,Randwick,1033.0,16.0,151.0,43.0,251.0,2.7,175.0,9136.0,,,,,,,,,1642.0,14318.0,508.0,1207.0,-751.0,52.0,26.0,,,50.96,45.38,5418.8,71.05,21.76,0.8,119.0,25.0,580.0,860.0,650.0,170.0,10.0,25.0,540.0,85.0,150.0,,,,,1121.914845,1145.8865141,1071.416614,968.4180491,,,,,
115011556,Castle Hill - South,Baulkham Hills,17420,The Hills,1194.0,29.0,154.0,38.0,,,130.0,,15690.316,21.0,,,,,,,2175.0,10787.0,188.0,246.0,-115.0,57.0,39.0,,,38.76,35.63,2613.3,56.06,20.24,0.4,38.0,,695.0,940.0,230.0,255.0,15.0,30.0,265.0,145.0,110.0,,,,,1123.873782,1120.3485036,1081.850993,1084.828098,,,,,
104021091,Woolgoolga - Arrawarra,Coffs Harbour,11800,Coffs Harbour,1184.0,33.0,74.0,51.0,,,585.0,,,,,,,,,,,15048.0,149.0,141.0,-24.0,32.0,,,,,,55.7,,,,,,2375.0,3735.0,1480.0,820.0,65.0,265.0,670.0,455.0,525.0,,,,,956.2209147,953.583019,972.1463664,987.7844608,,,,,
111011214,Warners Bay - Boolaroo,Lake Macquarie - East,14650,Lake Macquarie,1359.0,45.0,179.0,66.0,249.0,3.0,350.0,8225.0,84749.74799999999,95.0,,,,,,,1324.0,15268.0,132.0,58.0,41.0,33.0,43.0,22.94,16.88,11.25,4.66,1217.5,34.37,10.99,2.61,349.0,74.0,2145.0,3145.0,650.0,545.0,45.0,165.0,490.0,410.0,480.0,,,,,1011.315456,999.54929133,1029.13953,1020.797538,,,,,
111021217,Edgeworth - Cameron Park,Lake Macquarie - West,14650,Lake Macquarie,950.0,34.0,129.0,37.0,383.0,3.7,420.0,10291.0,62195.636,126.0,,,,,,,1606.0,18059.0,629.0,57.0,435.0,137.0,34.0,28.7,9.81,9.82,6.42,1157.0,28.61,6.75,5.32,756.0,79.0,1720.0,3080.0,935.0,880.0,75.0,260.0,780.0,570.0,650.0,,,,,991.410324,943.98279061,1021.429567,1043.935446,,,,,
118021654,South Coogee,Eastern Suburbs - South,16550,Randwick,,,,,,,,,,,,,,,,,,5750.0,22.0,103.0,-87.0,6.0,,,,,,5078.6,,,,,,,,,,,,,,,,,,,,,,,,,,,
115031300,Kurrajong Heights - Ebenezer,Hawkesbury,13800,Hawkesbury,2705.0,151.0,79.0,57.0,,,370.0,,42598.9,36.0,,,,,,,1962.0,22436.0,76.0,83.0,-169.0,162.0,39.0,,,11.19,4.6,67.6,32.84,8.47,2.7,591.0,44.0,1740.0,2695.0,565.0,710.0,35.0,180.0,590.0,430.0,390.0,,,,,1041.085091,986.49382056,1061.633843,1110.224053,,,,,
102011041,Wamberal - Forresters Beach,Gosford,11650,Central Coast (NSW),1175.0,32.0,144.0,41.0,97.0,1.6,185.0,6017.0,37449.85400000001,25.0,3478000.0,1741250.0,850.0,1695.5,790000.0,625.5,1852.0,10862.0,73.0,88.0,-42.0,27.0,40.0,27.04,13.98,13.39,3.9,791.6,41.15,13.38,2.01,196.0,10.0,1105.0,1505.0,285.0,315.0,25.0,80.0,320.0,185.0,145.0,18.5,491.1169933318819,275949.1389817629,118.4,1076.854967,1059.6928405,1080.701628,1097.283812,0.94,11.43,3.75,3.37,1.22
111011210,Mount Hutton - Windale,Lake Macquarie - East,14650,Lake Macquarie,388.0,12.0,41.0,21.0,459.0,10.4,520.0,4406.0,11235.021,35.0,,,,,,,963.0,9677.0,59.0,28.0,51.0,-20.0,41.0,24.37,16.13,7.9,3.51,1544.5,23.18,5.12,7.5600000000000005,673.0,132.0,1365.0,3115.0,775.0,700.0,105.0,265.0,660.0,440.0,920.0,,,,,869.0429764,875.70433182,872.8455454,893.0806146,,,,,
106021116,Maitland - North,Maitland,15050,Maitland,651.0,18.0,60.0,14.0,65.0,1.3,125.0,4842.0,,,,,,,,,1843.0,9162.0,97.0,28.0,39.0,30.0,39.0,29.87,11.23,7.0,2.18,129.9,35.53,11.79,2.7199999999999998,207.0,13.0,830.0,1195.0,240.0,295.0,30.0,75.0,295.0,195.0,170.0,,,,,1043.792142,1013.0668534,1063.682108,1091.711126,,,,,
106021618,Thornton - Millers Forest,Maitland,15050,Maitland,,,,,,,,,,,,,,,,,,19023.0,972.0,50.0,693.0,229.0,,,,,,301.5,,,,,,,,,,,,,,,,,,,,,,,,,,,
102011040,Umina - Booker Bay - Patonga,Gosford,11650,Central Coast (NSW),1448.0,40.0,95.0,74.0,527.0,4.4,1025.0,11897.0,85853.83799999999,112.0,18850000.0,1503333.3333333333,700.0,1196.6666666666667,1134166.6666666667,626.6666666666666,1072.0,25007.0,90.0,190.0,-14.0,-86.0,46.0,21.04,20.1,15.15,5.79,991.2,31.26,7.31,3.62,854.0,53.0,4260.0,6650.0,2425.0,1165.0,95.0,445.0,1135.0,775.0,980.0,18.333333333333332,368.4480614426962,427923.6388318738,292.766666,964.5550157,963.3460289,977.1114375,965.8581511,3.32,15.22,6.68,6.44,1.5
102021050,Lake Munmorah - Mannering Park,Wyong,11650,Central Coast (NSW),480.0,11.0,37.0,21.0,219.0,4.6,440.0,4783.0,33953.214,98.0,8519000.0,,,,,,977.0,11055.0,-27.0,39.0,-25.0,-41.0,49.0,19.45,25.7,11.28,2.63,311.5,22.92,4.66,4.46,478.0,17.0,2750.0,3925.0,1890.0,585.0,45.0,205.0,540.0,555.0,465.0,,,,,906.2825657,872.81399654,951.7118199,978.683078,0.09,1.28,0.09,0.09,0.46
106021615,Rutherford (North) - Aberglasslyn,Maitland,15050,Maitland,,,,,,,,,,,,,,,,,,19283.0,443.0,72.0,284.0,87.0,,,,,,141.6,,,,,,,,,,,,,,,,,,,,,,,,,,,
117021636,Marrickville - North,Marrickville - Sydenham - Petersham,14170,Inner West,,,,,,,,,,,,,,,,,,12880.0,310.0,248.0,3.0,59.0,,,,,,4567.5,,,,,,,,,,,,,,,,,,,,,,,,,,,
124041467,Windsor - Bligh Park,Richmond - Windsor,13800,Hawkesbury,,,,,,,,,18135.368000000002,21.0,,,,,,,,,,,,,,,,,,,,,,,,,,,,,,,,,,,,,,,,,,,,,
122031697,Narrabeen - Wheeler Heights,Warringah,15990,Northern Beaches,,,,,,,,,,,,,,,,,,11215.0,79.0,187.0,-16.0,-92.0,,,,,,3698.0,,,,,,,,,,,,,,,,,,,,,,,,,,,
115011296,West Pennant Hills,Baulkham Hills,17420,The Hills,1440.0,25.0,161.0,31.0,,,115.0,,86290.52500000001,76.0,,,,,,,2816.0,12513.0,13.0,156.0,-188.0,45.0,41.0,,,40.5,37.65,1598.3,60.88,23.17,0.29,37.0,12.0,840.0,1065.0,220.0,195.0,5.0,15.0,220.0,140.0,110.0,,,,,1161.036174,1147.4393363,1118.460938,1158.615865,,,,,
117031644,Sydney (North) - Millers Point,Sydney Inner City,17200,Sydney,,,,,,,,,,,,,,,,,,8913.0,172.0,617.0,-480.0,35.0,,,,,,2774.7,,,,,,,,,,,,,,,,,,,,,,,,,,,
102021049,Jilliby - Yarramalong,Wyong,11650,Central Coast (NSW),420.0,16.0,18.0,9.0,75.0,3.5,110.0,2152.0,81931.427,4.0,3166000.0,,,,,,1942.0,3566.0,68.0,21.0,34.0,13.0,43.0,25.82,10.83,10.6,3.16,10.3,35.56,9.68,2.62,88.0,48.0,260.0,465.0,160.0,130.0,15.0,30.0,150.0,75.0,75.0,,,,,1059.503457,1018.0904757,1060.227996,1126.610048,,,,,
125021478,Oatlands - Dundas Valley,Carlingford,16260,Parramatta,2039.0,59.0,158.0,69.0,451.0,4.1,635.0,11121.0,,,,,,,,,,,,,,,,,,,,,,,,,39.0,1630.0,2930.0,770.0,805.0,40.0,155.0,905.0,395.0,585.0,,,,,1048.994212,1071.6977803,1004.288886,1005.825671,,,,,
111031223,Beresfield - Hexham,Newcastle,15900,Newcastle,743.0,53.0,27.0,20.0,438.0,10.4,480.0,4210.0,74274.613,17.0,,,,,,,1042.0,8680.0,41.0,50.0,-48.0,39.0,41.0,24.09,15.03,8.11,4.28,146.5,21.64,3.48,6.71,561.0,57.0,1240.0,2510.0,990.0,660.0,105.0,255.0,600.0,420.0,520.0,,,,,862.8614141,836.05722997,891.1234538,931.88521,,,,,
121021403,Asquith - Mount Colah,Hornsby,14000,Hornsby,,,,,,,,,34473.102,32.0,,,,,,,2188.0,23268.0,434.0,232.0,84.0,118.0,39.0,,,28.74,19.8,670.8,51.44,16.88,0.78,142.0,59.0,,,,,,,,,,,,,,,,,,,,,,
106021616,Rutherford (South) - Telarah,Maitland,15050,Maitland,,,,,,,,,,,,,,,,,,9065.0,322.0,15.0,197.0,110.0,,,,,,230.6,,,,,,,,,,,,,,,,,,,,,,,,,,,
102011032,Gosford - Springfield,Gosford,11650,Central Coast (NSW),2629.0,150.0,335.0,120.0,504.0,3.9,1025.0,13006.0,114345.21800000001,56.0,46507000.0,1165166.6666666667,699.6666666666666,696.0,718333.3333333334,620.8333333333334,1197.0,22599.0,516.0,305.0,103.0,108.0,40.0,20.28,12.6,21.21,13.21,1336.2,41.12,12.29,2.8,527.0,160.0,2535.0,4840.0,1950.0,1040.0,90.0,325.0,1075.0,560.0,1150.0,,,,,986.3571993,1016.457161,983.4520278,939.2540527,9.76,39.66,10.89,11.69,12.87
102011033,Kariong,Gosford,11650,Central Coast (NSW),399.0,8.0,28.0,16.0,96.0,2.5,170.0,3853.0,5726.410000000001,8.0,2746000.0,1079600.0,760.0,1037.0,842500.0,615.0,1813.0,6490.0,26.0,40.0,-81.0,67.0,35.0,29.92,6.58,17.54,8.38,781.3,36.35,8.0,3.57,228.0,16.0,490.0,910.0,235.0,340.0,25.0,80.0,290.0,180.0,185.0,,,,,1012.406437,987.02176197,1035.267255,1053.747183,5.5600000000000005,13.9,5.1,4.48,2.32
102011031,Erina - Green Point,Gosford,11650,Central Coast (NSW),1807.0,55.0,232.0,85.0,127.0,1.8,265.0,6957.0,38389.559,14.0,68963000.0,1880500.0,908.6,795.6,2638500.0,666.0,1274.0,14680.0,4.0,130.0,60.0,-186.0,49.0,21.5,26.04,19.64,6.92,434.4,37.48,11.01,1.99,277.0,19.0,2835.0,3680.0,1180.0,425.0,25.0,100.0,445.0,390.0,445.0,,,,,1027.911971,1010.9429373,1033.060846,1047.373954,3.46,25.75,3.25,3.12,1.83
102011038,Saratoga - Davistown,Gosford,11650,Central Coast (NSW),589.0,20.0,34.0,13.0,59.0,1.5,125.0,3962.0,14281.251,7.0,1557000.0,1315000.0,765.0,973.0,855000.0,520.0,1402.0,7348.0,66.0,49.0,1.0,16.0,42.0,24.05,16.95,12.73,3.15,1541.0,35.74,9.85,2.56,179.0,7.0,1010.0,1375.0,225.0,255.0,10.0,70.0,225.0,175.0,155.0,,,,,1027.763695,1000.2915981,1056.247625,1060.121593,0.42,3.35,2.37,1.54,0.14
117031647,Waterloo,Sydney Inner City,17200,Sydney,,,,,,,,,,,,,,,,,,18291.0,444.0,1047.0,-668.0,65.0,,,,,,16131.1,,,,,,,,,,,,,,,,,,,,,,,,,,,
117031329,Darlinghurst,Sydney Inner City,17200,Sydney,2328.0,46.0,296.0,189.0,363.0,4.3,375.0,8412.0,,,,,,,,,2158.0,11411.0,283.0,506.0,-246.0,23.0,35.0,,,38.75,21.08,13316.6,68.37,30.91,0.57,65.0,130.0,425.0,940.0,475.0,55.0,20.0,15.0,315.0,40.0,305.0,,,,,1154.52543,1175.1309831,1063.628654,902.1070125,,,,,
104021084,Coffs Harbour - North,Coffs Harbour,11800,Coffs Harbour,1379.0,47.0,161.0,66.0,,,1035.0,,,,,,,,,,,18845.0,189.0,154.0,1.0,34.0,,,,,,734.2,,,,,,2775.0,5170.0,2390.0,1295.0,175.0,380.0,1235.0,705.0,1080.0,,,,,928.0232372,933.9008501,940.4949324,946.0205837,,,,,
121021578,Hornsby - West,Hornsby,14000,Hornsby,,,,,,,,,20976.317000000003,30.0,,,,,,,1828.0,10794.0,58.0,228.0,-186.0,16.0,39.0,,,39.8,35.04,1717.2,54.66,19.03,0.45,48.0,,,,,,,,,,,,,,,,,,,,,,,
111031225,Lambton - New Lambton,Newcastle,15900,Newcastle,1500.0,50.0,360.0,61.0,282.0,2.8,415.0,10231.0,63555.997,74.0,,,,,,,1475.0,17693.0,153.0,136.0,-59.0,76.0,39.0,25.01,12.09,11.64,7.8,1677.3,41.93,14.76,2.6,429.0,112.0,1680.0,2840.0,860.0,495.0,40.0,130.0,680.0,345.0,675.0,,,,,1033.093489,1045.3702646,1033.799736,1002.818539,,,,,
108011151,Bulahdelah - Stroud,Great Lakes,15240,Mid-Coast,,,,,96.0,3.8,,2544.0,,,,,,,,,990.0,5394.0,33.0,14.0,32.0,-13.0,49.0,,,8.55,1.78,2.3,23.88,5.38,5.42,256.0,13.0,,,,,,,,,,,,,,,,,,,,,,
102021045,Blue Haven - San Remo,Wyong,11650,Central Coast (NSW),417.0,13.0,27.0,14.0,368.0,6.2,595.0,5911.0,6696.273000000001,18.0,7314000.0,827000.0,607.5,674.5,500000.0,455.0,1250.0,11620.0,63.0,53.0,-104.0,114.0,34.0,29.24,9.4,10.06,4.35,553.9,22.99,3.3,7.78,859.0,62.0,1120.0,2675.0,1005.0,1035.0,105.0,405.0,805.0,525.0,590.0,,,,,886.3038839,855.14941401,920.0847757,976.9946341,1.51,7.97,6.29,3.54,1.24
115011621,Kellyville - East,Baulkham Hills,17420,The Hills,,,,,,,,,,,,,,,,,,17679.0,-23.0,210.0,-286.0,53.0,,,,,,3081.3,,,,,,,,,,,,,,,,,,,,,,,,,,,
102021044,Bateau Bay - Killarney Vale,Wyong,11650,Central Coast (NSW),1303.0,30.0,103.0,46.0,450.0,3.8,755.0,11701.0,30302.684,31.0,23030000.0,1062166.6666666667,706.6666666666666,1823.0,734166.6666666666,611.6666666666666,1246.0,22990.0,59.0,94.0,23.0,-58.0,41.0,25.31,16.16,10.71,3.27,2117.0,29.52,7.24,4.0,881.0,70.0,3360.0,5465.0,1465.0,1235.0,115.0,405.0,1035.0,740.0,915.0,30.0,209.11315590191106,80717.67817813766,49.3,965.5907499,946.87887872,991.0340806,1003.815505,4.82,20.54,8.32,7.49,2.02
102011030,Calga - Kulnura,Gosford,11650,Central Coast (NSW),1273.0,98.0,50.0,35.0,59.0,2.2,170.0,2742.0,48196.254,9.0,3529000.0,,,,,,1441.0,4694.0,19.0,32.0,-32.0,19.0,46.0,19.84,13.77,15.05,8.4,6.1,34.67,9.44,2.59,122.0,5.0,455.0,785.0,250.0,195.0,5.0,60.0,170.0,80.0,145.0,,,,,1020.67194,1003.3432912,1027.110056,1050.872826,,,,,
111011208,Charlestown - Dudley,Lake Macquarie - East,14650,Lake Macquarie,2206.0,69.0,358.0,76.0,589.0,4.1,730.0,14305.0,97788.48999999999,84.0,,,,,,,1398.0,25944.0,193.0,149.0,-78.0,122.0,39.0,24.96,12.92,10.14,6.15,1164.5,36.27,12.11,3.35,803.0,140.0,2690.0,4620.0,1175.0,1000.0,125.0,320.0,1040.0,635.0,935.0,,,,,1009.738256,1003.9354575,1025.44747,1009.389879,,,,,
115011558,Cherrybrook,Baulkham Hills,14000,Hornsby,1562.0,34.0,165.0,63.0,,,175.0,,21957.894,18.0,,,,,,,2443.0,18948.0,-5.0,373.0,-395.0,17.0,42.0,,,47.6,42.22,2296.3,59.65,22.09,0.27,51.0,15.0,1410.0,1785.0,280.0,345.0,5.0,35.0,400.0,195.0,190.0,,,,,1151.602234,1143.839324,1109.72855,1133.941838,,,,,
117031336,Surry Hills,Sydney Inner City,17200,Sydney,5892.0,118.0,383.0,336.0,613.0,5.0,645.0,12185.0,,,,,,,,,2144.0,17099.0,312.0,980.0,-657.0,-11.0,34.0,,,44.77,28.55,12989.2,68.73,29.9,0.99,162.0,351.0,910.0,1940.0,585.0,100.0,30.0,30.0,525.0,110.0,665.0,,,,,1137.907257,1163.7058374,1034.189503,879.1547125,,,,,
106031125,Williamtown - Medowie - Karuah,Port Stephens,16400,Port Stephens,967.0,46.0,65.0,42.0,244.0,3.0,490.0,8172.0,,,,,,,,,1489.0,16615.0,560.0,55.0,434.0,71.0,39.0,27.25,12.47,9.05,2.62,45.5,28.08,5.96,5.97,816.0,96.0,2195.0,3520.0,1155.0,810.0,65.0,245.0,725.0,600.0,550.0,,,,,972.7232165,934.97691983,1005.121082,1042.056799,,,,,
111011209,Glendale - Cardiff - Hillsboroug,Lake Macquarie - East,14650,Lake Macquarie,,,,,,,,,,,,,,,,,,,,,,,,,,,,,,,,,,,,,,,,,,,,,,,990.6175177,977.09424742,1016.553044,1014.758098,,,,,
111011206,Belmont - Bennetts Green,Lake Macquarie - East,14650,Lake Macquarie,1360.0,51.0,140.0,41.0,413.0,4.5,520.0,9205.0,33498.505000000005,27.0,,,,,,,1281.0,17873.0,25.0,51.0,-24.0,-2.0,43.0,22.93,17.31,8.07,3.54,804.7,29.2,8.7,3.27,579.0,233.0,2730.0,4210.0,1090.0,720.0,75.0,215.0,670.0,520.0,745.0,,,,,977.1759082,953.41921712,1002.001552,1007.369269,,,,,
122031693,Collaroy - Collaroy Plateau,Warringah,15990,Northern Beaches,,,,,,,,,,,,,,,,,,14155.0,157.0,237.0,-105.0,25.0,,,,,,3427.8,,,,,,,,,,,,,,,,,,,,,,,,,,,
122031425,Cromer,Warringah,15990,Northern Beaches,998.0,74.0,36.0,24.0,181.0,4.0,90.0,4522.0,21051.163999999997,15.0,,,,,,,2002.0,8282.0,51.0,90.0,-69.0,30.0,42.0,,,24.15,13.1,1105.5,44.92,12.67,0.92,69.0,14.0,745.0,1000.0,165.0,135.0,5.0,25.0,115.0,110.0,115.0,,,,,1103.337623,1065.3948253,1082.417556,1112.999044,,,,,
106031119,Anna Bay,Port Stephens,16400,Port Stephens,462.0,15.0,23.0,21.0,79.0,2.7,210.0,2962.0,,,,,,,,,1155.0,6791.0,100.0,34.0,64.0,2.0,46.0,20.38,22.16,11.92,3.18,99.8,27.95,7.42,2.7199999999999998,156.0,90.0,1495.0,2040.0,1010.0,255.0,15.0,70.0,245.0,240.0,240.0,,,,,966.7533502,941.51549975,1008.709978,1017.541566,,,,,
106031122,Raymond Terrace,Port Stephens,16400,Port Stephens,973.0,75.0,59.0,45.0,580.0,8.3,965.0,7006.0,,,,,,,,,1084.0,15255.0,123.0,45.0,12.0,66.0,38.0,26.38,12.18,7.57,3.2800000000000002,139.3,23.14,4.2,8.19,1132.0,433.0,1850.0,4355.0,2195.0,1235.0,210.0,470.0,1255.0,765.0,1120.0,,,,,872.0987019,855.21574099,896.8834724,935.6891033,,,,,
102021051,Ourimbah - Fountaindale,Wyong,11650,Central Coast (NSW),495.0,32.0,40.0,14.0,66.0,2.2,140.0,2936.0,24673.082,6.0,3102000.0,1200000.0,680.0,2067.0,717250.0,600.0,1669.0,4927.0,12.0,39.0,-60.0,33.0,39.0,25.3,9.54,14.85,5.33,43.2,39.32,11.41,2.62,127.0,11.0,380.0,705.0,235.0,220.0,15.0,70.0,245.0,130.0,135.0,,,,,1031.054724,1015.3158392,1052.044703,1064.05951,3.86,33.5,8.12,4.67,2.64
121021579,Waitara - Wahroonga (West),Hornsby,14000,Hornsby,,,,,,,,,90047.84599999999,184.0,,,,,,,1842.0,,,,,,37.0,,,53.6,50.46,,59.7,23.77,0.24,23.0,,,,,,,,,,,,,,,,,,,,,,,
111031231,Shortland - Jesmond,Newcastle,15900,Newcastle,779.0,20.0,45.0,40.0,617.0,7.7,685.0,8013.0,55583.781,67.0,,,,,,,992.0,13955.0,433.0,601.0,-219.0,51.0,26.0,23.36,10.94,28.29,25.63,1098.1,48.46,9.11,3.66,422.0,284.0,1180.0,2455.0,1510.0,570.0,130.0,175.0,1400.0,310.0,635.0,,,,,930.1371504,957.83400824,929.8849086,878.5124936,,,,,
106031121,Nelson Bay Peninsula,Port Stephens,16400,Port Stephens,1783.0,67.0,142.0,126.0,315.0,3.4,700.0,9141.0,,,,,,,,,1097.0,22043.0,59.0,167.0,16.0,-124.0,52.0,18.07,26.09,15.6,4.85,464.3,31.9,8.23,2.86,601.0,332.0,4465.0,6220.0,1805.0,835.0,60.0,285.0,795.0,690.0,690.0,,,,,973.4654529,961.02803199,1002.266694,995.1667724,,,,,
111031224,Hamilton - Broadmeadow,Newcastle,15900,Newcastle,1966.0,41.0,327.0,101.0,462.0,5.9,710.0,7785.0,51444.626,46.0,,,,,,,1306.0,13162.0,181.0,137.0,61.0,-17.0,39.0,18.88,13.08,13.82,10.69,1951.0,45.33,16.59,3.43,406.0,159.0,1260.0,2555.0,785.0,335.0,60.0,135.0,705.0,235.0,665.0,,,,,1020.361977,1040.7904907,999.026016,950.8820218,,,,,
115041625,Rouse Hill - Beaumont Hills,Rouse Hill - McGraths Hill,17420,The Hills,,,,,,,,,,,,,,,,,,18601.0,459.0,238.0,93.0,128.0,,,,,,2151.3,,,,,,,,,,,,,,,,,,,,,,,,,,,
122021420,Avalon - Palm Beach,Pittwater,15990,Northern Beaches,1869.0,50.0,97.0,63.0,241.0,3.4,135.0,7059.0,121041.12,46.0,,,,,,,2169.0,13188.0,97.0,215.0,-121.0,3.0,47.0,,,22.27,5.97,1532.5,53.33,17.94,0.58,72.0,17.0,915.0,1150.0,205.0,205.0,5.0,50.0,215.0,90.0,90.0,,,,,1127.18875,1120.9686467,1102.040359,1115.737229,,,,,
111021219,Toronto - Awaba,Lake Macquarie - West,14650,Lake Macquarie,1035.0,51.0,86.0,44.0,430.0,6.6,570.0,6542.0,30792.358,45.0,,,,,,,1199.0,14075.0,-26.0,52.0,1.0,-79.0,46.0,21.17,19.96,10.18,3.15,322.4,31.06,8.99,5.36,720.0,119.0,2335.0,3930.0,980.0,655.0,75.0,220.0,650.0,540.0,735.0,,,,,955.68479,946.2211372,974.8217506,980.8607023,,,,,
115011291,Baulkham Hills (West) - Bella Vi,Baulkham Hills,17420,The Hills,,,,,,,,,,,,,,,,,,,,,,,,,,,,,,,,,,,,,,,,,,,,,,,1140.016698,1120.7936061,1102.841818,1132.027846,,,,,
124041466,Richmond - Clarendon,Richmond - Windsor,13800,Hawkesbury,,,,,,,,,109098.77200000001,112.0,,,,,,,,,,,,,,,,,,,,,,,,,,,,,,,,,,,,,,,,,,,,,
122011418,Balgowlah - Clontarf - Seaforth,Manly,15990,Northern Beaches,2567.0,51.0,194.0,104.0,438.0,3.7,180.0,11730.0,132752.93,61.0,,,,,,,2803.0,20884.0,52.0,345.0,-349.0,56.0,40.0,,,31.17,13.03,2744.1,56.11,23.03,0.34,68.0,36.0,815.0,1135.0,280.0,245.0,10.0,50.0,275.0,140.0,150.0,,,,,1171.592665,1165.3978868,1114.089743,1127.12783,,,,,
120021674,Annandale (NSW),Leichhardt,14170,Inner West,,,,,,,,,,,,,,,,,,9933.0,127.0,199.0,-127.0,55.0,,,,,,6673.2,,,,,,,,,,,,,,,,,,,,,,,,,,,
117021637,Marrickville - South,Marrickville - Sydenham - Petersham,14170,Inner West,,,,,,,,,,,,,,,,,,14497.0,102.0,370.0,-322.0,54.0,,,,,,4843.8,,,,,,,,,,,,,,,,,,,,,,,,,,,
117011324,Port Botany Industrial,Botany,16550,Randwick,161.0,11.0,0.0,3.0,,,5.0,,,,,,,,,,0.0,9.0,0.0,0.0,0.0,0.0,46.0,,,30.0,50.0,3.2,0.0,0.0,0.0,0.0,,0.0,5.0,5.0,0.0,0.0,0.0,5.0,0.0,5.0,,,,,,,,,,,,,
122021422,Newport - Bilgola,Pittwater,15990,Northern Beaches,1843.0,61.0,116.0,52.0,291.0,3.6,150.0,8186.0,40444.721,14.0,,,,,,,2167.0,13846.0,144.0,180.0,-78.0,42.0,44.0,,,22.97,7.22,2388.1,53.62,18.15,0.45,59.0,22.0,905.0,1185.0,250.0,225.0,5.0,40.0,255.0,105.0,115.0,,,,,1131.368788,1120.3727354,1103.799944,1113.562868,,,,,
117031642,Redfern,Sydney Inner City,17200,Sydney,,,,,,,,,,,,,,,,,,15359.0,357.0,724.0,-395.0,28.0,,,,,,9040.6,,,,,,,,,,,,,,,,,,,,,,,,,,,
102011035,Narara,Gosford,11650,Central Coast (NSW),336.0,10.0,35.0,11.0,120.0,2.9,190.0,4141.0,28590.245,19.0,306000.0,1011250.0,700.0,1355.0,745000.0,650.0,1559.0,7344.0,41.0,55.0,-63.0,49.0,39.0,27.03,9.63,16.94,8.16,953.5,38.17,9.74,3.57,237.0,35.0,690.0,1235.0,300.0,320.0,35.0,85.0,315.0,225.0,260.0,,,,,1005.726919,991.12779955,1025.545292,1045.64178,3.64,10.5,6.44,4.06,1.12
102021052,Summerland Point - Gwandalan,Wyong,11650,Central Coast (NSW),360.0,20.0,27.0,11.0,117.0,3.4,255.0,3401.0,48934.26899999999,98.0,1598000.0,903500.0,650.0,1173.0,741900.0,530.0,1186.0,6915.0,161.0,21.0,110.0,30.0,44.0,22.92,16.52,10.82,4.0,753.3,24.9,4.75,4.89,282.0,16.0,1035.0,1720.0,445.0,420.0,20.0,140.0,350.0,265.0,265.0,,,,,935.0673036,889.80054585,981.4986444,1017.111041,,,,,
115011557,Castle Hill - West,Baulkham Hills,17420,The Hills,542.0,7.0,73.0,14.0,,,65.0,,709.0,1.0,,,,,,,2849.0,5192.0,7.0,79.0,-94.0,22.0,37.0,,,41.16,40.85,3173.0,57.03,19.61,0.27,14.0,,315.0,430.0,70.0,90.0,5.0,10.0,125.0,65.0,45.0,,,,,1163.678672,1138.8038061,1120.436579,1162.782994,,,,,
125041490,North Rocks,Parramatta,16260,Parramatta,1136.0,54.0,88.0,36.0,81.0,1.6,105.0,5211.0,,,,,,,,,,,,,,,,,,,,,,,,,0.0,615.0,845.0,160.0,230.0,10.0,25.0,220.0,140.0,90.0,,,,,1120.125743,1109.5335095,1092.476575,1104.400759,,,,,
108051167,Gloucester,Taree - Gloucester,15240,Mid-Coast,,,,,88.0,3.8,,2337.0,,,,,,,,,898.0,5366.0,20.0,15.0,18.0,-13.0,52.0,,,7.31,1.75,1.8,23.94,6.77,7.51,378.0,18.0,,,,,,,,,,,,,,,,,,,,,,
121031409,Pymble,Ku-ring-gai,14500,Ku-ring-gai,,,,,297.0,3.0,,9851.0,,,,,,,,,3010.0,17961.0,291.0,347.0,-101.0,45.0,40.0,,,36.45,26.68,1752.0,61.39,24.66,0.15,25.0,22.0,,,,,,,,,,,,,,,,,,,,,,
111031235,Wickham - Carrington - Tighes Hi,Newcastle,15900,Newcastle,,,,,,,,,,,,,,,,,,,,,,,,,,,,,,,,,,,,,,,,,,,,,,,1044.586722,1080.4280631,1033.375982,963.808195,,,,,
102011029,Box Head - MacMasters Beach,Gosford,11650,Central Coast (NSW),1024.0,26.0,59.0,32.0,78.0,1.4,220.0,5632.0,40816.227,18.0,2084000.0,1715785.7142857143,964.7142857142857,518.5714285714286,1221500.0,598.2,1412.0,11213.0,67.0,80.0,-33.0,20.0,47.0,22.03,19.51,15.17,4.02,349.5,40.01,11.86,2.63,281.0,13.0,1590.0,2115.0,590.0,320.0,15.0,75.0,290.0,260.0,240.0,18.2,567.2789168928018,457950.73182445567,187.766666,1051.05479,1045.8962138,1063.966854,1073.858775,0.63,4.98,1.27,1.18,
111031226,Maryland - Fletcher - Minmi,Newcastle,15900,Newcastle,868.0,33.0,120.0,31.0,339.0,3.3,410.0,10261.0,52194.59100000001,104.0,,,,,,,1796.0,17510.0,251.0,98.0,0.0,153.0,34.0,30.66,6.22,13.38,10.92,1014.3,33.44,8.72,4.92,668.0,73.0,1165.0,2335.0,760.0,775.0,70.0,195.0,815.0,500.0,580.0,,,,,1014.588315,986.18903843,1031.859852,1052.735265,,,,,
115041301,Pitt Town - McGraths Hill,Rouse Hill - McGraths Hill,13800,Hawkesbury,1950.0,117.0,49.0,42.0,,,205.0,,202742.096,258.0,,,,,,,2029.0,12043.0,249.0,50.0,169.0,30.0,37.0,,,12.37,7.9,149.6,30.91,7.17,2.2,232.0,35.0,920.0,1390.0,370.0,385.0,30.0,100.0,330.0,225.0,180.0,,,,,1047.683244,976.17583173,1061.608541,1109.885512,,,,,
118021569,Randwick - North,Eastern Suburbs - South,16550,Randwick,1699.0,27.0,200.0,53.0,290.0,2.6,210.0,11344.0,,,,,,,,,2182.0,16679.0,161.0,479.0,-389.0,71.0,35.0,,,38.55,22.56,8617.0,63.21,25.27,0.56,95.0,129.0,925.0,1280.0,440.0,215.0,10.0,45.0,275.0,130.0,175.0,,,,,1149.91204,1163.392301,1091.063396,997.8505877,,,,,
111021221,West Wallsend - Barnsley - Killi,Lake Macquarie - West,14650,Lake Macquarie,,,,,,,,,,,,,,,,,,,,,,,,,,,,,,,,,,,,,,,,,,,,,,,944.2991009,895.26385336,995.3989583,1027.283061,,,,,
120021387,Balmain,Leichhardt,14170,Inner West,2269.0,47.0,249.0,94.0,288.0,2.9,270.0,9912.0,,,,,,,,,2673.0,15979.0,218.0,370.0,-258.0,106.0,41.0,,,28.85,11.26,6189.8,60.52,25.83,0.72,113.0,77.0,740.0,1310.0,375.0,190.0,10.0,55.0,300.0,95.0,335.0,,,,,1160.877591,1185.0682705,1089.07642,1037.28805,,,,,
117031330,Erskineville - Alexandria,Sydney Inner City,17200,Sydney,3588.0,140.0,212.0,143.0,420.0,2.7,355.0,15655.0,,,,,,,,,2447.0,21139.0,479.0,500.0,-234.0,213.0,34.0,,,32.64,18.38,4893.4,69.57,29.64,1.4,228.0,87.0,590.0,1105.0,490.0,205.0,20.0,40.0,435.0,100.0,265.0,,,,,1179.247579,1186.7520766,1103.204478,985.2921737,,,,,
106031120,Lemon Tree Passage - Tanilba Bay,Port Stephens,16400,Port Stephens,273.0,13.0,22.0,10.0,140.0,5.0,320.0,2787.0,,,,,,,,,974.0,7001.0,28.0,28.0,45.0,-45.0,49.0,21.27,19.35,10.86,2.32,233.5,23.25,4.58,5.12,342.0,56.0,1330.0,2240.0,675.0,430.0,50.0,175.0,400.0,345.0,365.0,,,,,896.9315965,877.56716109,936.7329595,967.6790003,,,,,
120031677,Ashfield - South,Strathfield - Burwood - Ashfield,14170,Inner West,,,,,,,,,,,,,,,,,,12873.0,304.0,502.0,-187.0,-11.0,,,,,,6103.6,,,,,,,,,,,,,,,,,,,,,,,,,,,
102011036,Niagara Park - Lisarow,Gosford,11650,Central Coast (NSW),530.0,28.0,42.0,12.0,92.0,2.0,195.0,4600.0,7203.558999999999,6.0,7316000.0,1129750.0,745.0,1469.0,757375.0,652.5,1665.0,8264.0,11.0,41.0,-37.0,7.0,39.0,27.5,11.18,15.29,5.42,493.9,38.29,10.23,2.09,168.0,14.0,865.0,1405.0,260.0,345.0,25.0,85.0,300.0,230.0,260.0,,,,,1023.505439,1004.8506166,1039.874661,1061.754717,3.17,13.54,5.37,3.9,1.1
121021406,Normanhurst - Thornleigh - Westleigh,Hornsby,14000,Hornsby,,,,,,,,,38891.408,25.0,,,,,,,2298.0,19799.0,215.0,289.0,-74.0,0.0,40.0,,,31.94,24.76,1982.2,55.24,20.2,0.56,103.0,34.0,,,,,,,,,,,,,,,,,,,,,,
106031123,Seaham - Woodville,Port Stephens,16400,Port Stephens,621.0,26.0,27.0,7.0,48.0,1.5,90.0,3226.0,,,,,,,,,1881.0,5845.0,46.0,9.0,16.0,21.0,42.0,27.07,9.67,6.04,1.72,23.6,31.08,9.27,3.32,180.0,18.0,480.0,755.0,110.0,175.0,15.0,45.0,185.0,125.0,130.0,,,,,1030.313817,979.43211847,1060.725582,1119.052438,,,,,
102011039,Terrigal - North Avoca,Gosford,11650,Central Coast (NSW),1577.0,19.0,202.0,93.0,124.0,1.4,275.0,8616.0,59597.004,31.0,7602000.0,1622000.0,897.5,2144.0,1165000.0,675.0,1760.0,15437.0,207.0,224.0,-78.0,61.0,42.0,24.64,14.21,19.23,6.35,1473.1,45.48,15.02,1.5899999999999999,212.0,7.0,1505.0,2130.0,685.0,425.0,25.0,115.0,440.0,250.0,270.0,17.0,414.7090852778756,474035.3987606191,274.333333,1085.447516,1077.8729278,1077.682351,1078.434388,4.91,9.96,4.78,4.17,1.75
115011553,Castle Hill - Central,Baulkham Hills,17420,The Hills,1875.0,78.0,108.0,44.0,,,135.0,,420325.973,665.0,,,,,,,2076.0,8323.0,620.0,188.0,400.0,32.0,38.0,,,39.9,36.41,2005.0,54.88,19.64,0.28,21.0,,660.0,885.0,245.0,275.0,5.0,25.0,260.0,115.0,105.0,,,,,1114.615232,1111.1534744,1079.142614,1066.564259,,,,,
111031232,Stockton - Fullerton Cove,Newcastle,16400,Port Stephens,452.0,10.0,33.0,23.0,181.0,4.0,245.0,4479.0,39750.062999999995,95.0,,,,,,,1164.0,9542.0,193.0,53.0,172.0,-32.0,51.0,21.27,21.35,8.9,2.92,312.7,28.01,8.51,4.0,300.0,47.0,1840.0,2560.0,1030.0,310.0,35.0,95.0,355.0,325.0,375.0,,,,,990.1061921,972.93151643,1001.034585,1005.738274,,,,,
115011622,Kellyville - West,Baulkham Hills,17420,The Hills,,,,,,,,,,,,,,,,,,13879.0,470.0,184.0,276.0,10.0,,,,,,2778.9,,,,,,,,,,,,,,,,,,,,,,,,,,,
121021577,Hornsby - East,Hornsby,14000,Hornsby,,,,,,,,,12028.748999999998,8.0,,,,,,,1634.0,12652.0,260.0,551.0,-360.0,69.0,34.0,,,59.83,60.5,4925.3,62.97,23.07,0.45,53.0,129.0,,,,,,,,,,,,,,,,,,,,,,
115011294,Glenhaven,Baulkham Hills,17420,The Hills,711.0,11.0,57.0,29.0,,,40.0,,28154.589,20.0,,,,,,,2238.0,6390.0,40.0,42.0,37.0,-39.0,45.0,,,22.81,12.19,883.7,49.94,17.57,0.54,34.0,5.0,610.0,715.0,50.0,60.0,5.0,10.0,90.0,75.0,40.0,,,,,1138.093945,1110.2051325,1117.515351,1146.062945,,,,,
102021047,Chittaway Bay - Tumbi Umbi,Wyong,11650,Central Coast (NSW),1284.0,72.0,111.0,22.0,221.0,2.5,480.0,8805.0,45359.238,55.0,10037000.0,1087750.0,760.0,1106.0,682250.0,622.5,1466.0,16354.0,131.0,93.0,21.0,17.0,40.0,25.32,14.08,11.84,3.84,667.5,31.91,7.24,3.89,598.0,46.0,2030.0,3180.0,785.0,820.0,50.0,245.0,710.0,500.0,460.0,,,,,987.5615356,959.11533162,1018.250349,1041.733422,1.13,7.0,4.0,2.38,0.38
117031638,Camperdown - Darlington,Sydney Inner City,17200,Sydney,,,,,,,,,,,,,,,,,,9609.0,180.0,744.0,-606.0,42.0,,,,,,5617.3,,,,,,,,,,,,,,,,,,,,,,,,,,,
120031676,Ashfield - North,Strathfield - Burwood - Ashfield,14170,Inner West,,,,,,,,,,,,,,,,,,12420.0,338.0,647.0,-348.0,39.0,,,,,,7956.9,,,,,,,,,,,,,,,,,,,,,,,,,,,
122031429,Freshwater - Brookvale,Warringah,15990,Northern Beaches,4391.0,236.0,231.0,148.0,469.0,3.1,290.0,15050.0,186109.745,92.0,,,,,,,2251.0,23255.0,578.0,531.0,-155.0,202.0,36.0,,,30.4,15.12,3237.1,55.77,20.8,0.55,115.0,61.0,1050.0,1560.0,485.0,320.0,10.0,65.0,345.0,160.0,245.0,,,,,1141.362077,1126.3137909,1097.023905,1064.9074,,,,,
115041624,North Kellyville,Rouse Hill - McGraths Hill,17420,The Hills,,,,,,,,,,,,,,,,,,21350.0,1099.0,212.0,681.0,206.0,,,,,,2667.4,,,,,,,,,,,,,,,,,,,,,,,,,,,
111031228,Merewether - The Junction,Newcastle,15900,Newcastle,1833.0,25.0,347.0,82.0,180.0,2.0,295.0,9083.0,53492.848,33.0,,,,,,,1815.0,14808.0,69.0,159.0,-106.0,16.0,39.0,22.96,11.63,10.6,5.24,2043.5,50.97,20.31,1.53,208.0,33.0,970.0,1620.0,465.0,235.0,15.0,60.0,445.0,175.0,370.0,,,,,1101.839413,1108.2086031,1082.911006,1042.016954,,,,,
115031299,Bilpin - Colo - St Albans,Hawkesbury,13800,Hawkesbury,347.0,15.0,7.0,24.0,,,85.0,,6786.954,4.0,,,,,,,1343.0,2807.0,-8.0,14.0,-30.0,8.0,47.0,,,12.52,3.5300000000000002,1.3,31.84,7.91,3.12,84.0,13.0,250.0,405.0,90.0,90.0,5.0,15.0,80.0,45.0,70.0,,,,,1014.023469,991.90073446,1036.976765,1071.372801,,,,,
122031424,Beacon Hill - Narraweena,Warringah,15990,Northern Beaches,1250.0,33.0,55.0,40.0,456.0,5.6,245.0,8118.0,31720.369,31.0,,,,,,,2031.0,14535.0,-62.0,227.0,-320.0,31.0,41.0,,,29.1,21.27,3348.6,45.21,13.49,0.86,119.0,41.0,1360.0,2045.0,745.0,345.0,15.0,70.0,315.0,225.0,390.0,,,,,1082.944793,1056.0534004,1050.537283,1080.879516,,,,,
111011213,Valentine - Eleebana,Lake Macquarie - East,14650,Lake Macquarie,894.0,22.0,127.0,18.0,95.0,1.4,135.0,6734.0,14048.597999999998,10.0,,,,,,,1821.0,12550.0,28.0,59.0,-5.0,-26.0,45.0,26.12,16.53,11.64,4.14,1258.2,40.13,14.36,1.32,158.0,18.0,1600.0,1980.0,200.0,255.0,20.0,45.0,270.0,235.0,165.0,,,,,1069.02654,1046.1965416,1084.072177,1089.356474,,,,,
108011153,Forster-Tuncurry Surrounds,Great Lakes,15240,Mid-Coast,,,,,,,,,,,,,,,,,,7219.0,92.0,17.0,68.0,7.0,,,,,,9.6,,,,,24.0,,,,,,,,,,,,,,,,,,,,,,
102021048,Gorokan - Kanwal - Charmhaven,Wyong,11650,Central Coast (NSW),933.0,24.0,90.0,46.0,666.0,6.1,1175.0,10930.0,38455.201,62.0,28757000.0,866008.3333333334,623.8333333333334,837.8333333333334,719083.3333333334,575.5,1051.0,22740.0,109.0,119.0,60.0,-70.0,43.0,23.13,17.0,11.65,4.46,2021.5,24.25,4.4,5.64,1247.0,138.0,3550.0,6925.0,2565.0,1705.0,175.0,640.0,1405.0,1085.0,1520.0,,,,,891.3739933,875.67609402,917.3678234,942.7603986,5.82,20.91,12.0,8.37,3.54
122031427,Forestville - Killarney Heights,Warringah,15990,Northern Beaches,1275.0,31.0,111.0,39.0,247.0,3.5,140.0,7154.0,31659.699,29.0,,,,,,,2287.0,13425.0,48.0,198.0,-147.0,-3.0,42.0,,,32.08,23.69,1503.2,51.86,18.35,0.38,49.0,42.0,950.0,1290.0,330.0,200.0,5.0,30.0,260.0,135.0,190.0,,,,,1135.419955,1127.2836352,1095.431613,1117.675434,,,,,
122031695,Dee Why - North,Warringah,15990,Northern Beaches,,,,,,,,,,,,,,,,,,18997.0,448.0,577.0,-346.0,217.0,,,,,,9126.2,,,,,,,,,,,,,,,,,,,,,,,,,,,
122031430,Manly Vale - Allambie Heights,Warringah,15990,Northern Beaches,1594.0,56.0,117.0,33.0,351.0,3.4,195.0,10455.0,56954.038,31.0,,,,,,,2187.0,17936.0,269.0,299.0,-35.0,5.0,39.0,,,29.29,15.63,1917.4,50.24,17.84,0.5,85.0,36.0,1265.0,1685.0,560.0,260.0,10.0,55.0,315.0,175.0,225.0,,,,,1133.42015,1116.5861531,1090.303102,1100.346197,,,,,
111011207,Belmont South - Blacksmiths,Lake Macquarie - East,14650,Lake Macquarie,332.0,14.0,13.0,30.0,156.0,5.6,230.0,2808.0,13124.267000000002,11.0,,,,,,,1010.0,5792.0,77.0,22.0,48.0,7.0,47.0,19.93,17.2,6.49,2.48,850.9,24.56,6.26,5.08,285.0,66.0,960.0,1615.0,470.0,250.0,25.0,100.0,225.0,210.0,315.0,,,,,924.5167172,900.6088165,950.5320878,952.9131365,,,,,
122011419,Manly - Fairlight,Manly,15990,Northern Beaches,3380.0,59.0,247.0,172.0,513.0,3.2,250.0,16041.0,132821.29499999998,48.0,,,,,,,2481.0,24289.0,638.0,982.0,-497.0,153.0,37.0,,,37.38,15.02,3606.3,63.61,27.41,0.41,89.0,103.0,795.0,1265.0,550.0,200.0,15.0,45.0,330.0,95.0,255.0,,,,,1169.505746,1177.9399432,1104.501299,1019.805648,,,,,
118021566,Maroubra - North,Eastern Suburbs - South,16550,Randwick,1307.0,21.0,165.0,31.0,159.0,2.6,115.0,6040.0,,,,,,,,,2069.0,10307.0,113.0,300.0,-169.0,-18.0,39.0,,,38.8,35.97,5690.7,57.42,21.12,0.69,68.0,,710.0,960.0,185.0,125.0,5.0,20.0,150.0,135.0,120.0,,,,,1126.746646,1121.7335695,1082.515252,1049.415659,,,,,
115011290,Baulkham Hills - East,Baulkham Hills,17420,The Hills,2164.0,45.0,199.0,81.0,,,,,,,,,,,,,,25103.0,126.0,522.0,-447.0,51.0,,,,,,3021.5,,,,,31.0,2030.0,2760.0,565.0,695.0,,85.0,685.0,335.0,340.0,,,,,1105.559665,1100.6562283,1078.970169,1073.022943,,,,,
102011034,Kincumber - Picketts Valley,Gosford,11650,Central Coast (NSW),610.0,18.0,63.0,20.0,81.0,2.3,180.0,3505.0,6867.236000000001,9.0,11681000.0,1201500.0,773.0,1517.0,700000.0,640.0,1100.0,7590.0,-8.0,45.0,-33.0,-20.0,47.0,22.87,24.42,15.15,3.8,647.8,34.38,8.93,2.83,207.0,15.0,1430.0,2000.0,300.0,305.0,20.0,85.0,270.0,230.0,285.0,28.0,644.2593853427896,38655.56312056738,9.6,992.1550231,986.01723537,1012.642764,1019.273955,1.97,11.44,5.78,4.34,1.71
108051170,Taree Region,Taree - Gloucester,15240,Mid-Coast,,,,,226.0,4.0,,5669.0,,,,,,,,,887.0,,,,,,53.0,,,8.75,1.51,,24.54,6.01,4.34,540.0,,,,,,,,,,,,,,,,,,,,,,,
102021046,Budgewoi - Buff Point - Halekulani,Wyong,11650,Central Coast (NSW),448.0,12.0,25.0,23.0,231.0,4.9,470.0,4680.0,11271.544000000002,26.0,4782000.0,867750.0,622.5,564.5,510000.0,492.5,1005.0,9967.0,56.0,34.0,-19.0,41.0,45.0,22.23,17.9,10.38,2.9,1068.3,24.13,4.8,5.96,561.0,23.0,1725.0,2905.0,1195.0,615.0,60.0,240.0,540.0,410.0,490.0,,,,,917.5195429,898.94660076,953.6242379,971.812984,2.06,11.42,6.6899999999999995,5.25,2.16
108051168,Old Bar - Manning Point - Red Head,Taree - Gloucester,15240,Mid-Coast,,,,,166.0,2.9,,5774.0,,,,,,,,,1043.0,13202.0,196.0,28.0,223.0,-55.0,51.0,,,10.79,2.75,63.0,29.87,8.56,4.12,434.0,34.0,,,,,,,,,,,,,,,,,,,,,,
108051171,Wingham,Taree - Gloucester,15240,Mid-Coast,,,,,129.0,5.5,,2366.0,,,,,,,,,912.0,5397.0,-23.0,5.0,-39.0,11.0,47.0,,,6.92,2.2,87.7,21.66,5.01,5.9,317.0,39.0,,,,,,,,,,,,,,,,,,,,,,
121031410,St Ives,Ku-ring-gai,14500,Ku-ring-gai,,,,,361.0,3.2,,11289.0,,,,,,,,,2542.0,22724.0,313.0,451.0,-95.0,-43.0,42.0,,,44.94,27.6,1278.3,60.1,23.16,0.13,27.0,29.0,,,,,,,,,,,,,,,,,,,,,,
120021389,Lilyfield - Rozelle,Leichhardt,14170,Inner West,1925.0,54.0,177.0,86.0,406.0,4.5,405.0,8980.0,,,,,,,,,2601.0,14152.0,235.0,257.0,-134.0,112.0,38.0,,,28.53,15.37,3926.9,58.18,23.44,0.99,139.0,132.0,740.0,1355.0,440.0,185.0,15.0,45.0,365.0,130.0,325.0,,,,,1155.26024,1167.8983974,1087.517951,1048.155916,,,,,
118021570,Randwick - South,Eastern Suburbs - South,16550,Randwick,1603.0,16.0,339.0,92.0,253.0,2.8,185.0,9120.0,,,,,,,,,2148.0,13545.0,223.0,563.0,-388.0,48.0,33.0,,,41.66,26.4,4016.3,61.77,24.63,0.5,66.0,,645.0,975.0,300.0,125.0,10.0,25.0,250.0,100.0,170.0,,,,,1147.77487,1156.4081359,1087.32755,984.4133847,,,,,
115021298,Galston - Laughtondale,Dural - Wisemans Ferry,14000,Hornsby,786.0,31.0,39.0,17.0,,,65.0,,16715.162,6.0,,,,,,,1942.0,5482.0,32.0,41.0,3.0,-12.0,44.0,,,18.2,9.12,28.6,44.45,13.67,0.86,45.0,5.0,545.0,685.0,95.0,100.0,5.0,20.0,110.0,70.0,55.0,,,,,1103.372451,1079.9868531,1089.98064,1123.94233,,,,,
117021328,Sydenham - Tempe - St Peters,Marrickville - Sydenham - Petersham,14170,Inner West,1194.0,77.0,52.0,49.0,205.0,3.7,210.0,5551.0,,,,,,,,,2092.0,8844.0,171.0,192.0,-92.0,71.0,35.0,,,33.33,29.81,2294.8,56.97,19.83,1.77,139.0,27.0,570.0,895.0,270.0,150.0,10.0,25.0,270.0,125.0,135.0,,,,,1115.718339,1113.3882083,1055.550523,1013.809355,,,,,
111031227,Mayfield - Warabrook,Newcastle,15900,Newcastle,1172.0,48.0,133.0,50.0,598.0,6.5,745.0,9142.0,44160.71199999999,38.0,,,,,,,1235.0,15962.0,153.0,141.0,22.0,-10.0,37.0,19.84,11.79,14.62,10.15,2117.8,40.21,12.26,3.79,564.0,202.0,1725.0,3530.0,1470.0,605.0,105.0,175.0,895.0,365.0,1025.0,,,,,981.7209238,1004.8987876,985.995168,942.9594577,,,,,
121031412,Wahroonga (East) - Warrawee,Ku-ring-gai,14500,Ku-ring-gai,,,,,340.0,3.6,,9509.0,,,,,,,,,2810.0,18222.0,16.0,297.0,-229.0,-52.0,42.0,,,34.29,21.49,1367.3,59.49,23.9,0.4,72.0,35.0,,,,,,,,,,,,,,,,,,,,,,
118021567,Maroubra - South,Eastern Suburbs - South,16550,Randwick,1030.0,17.0,88.0,36.0,550.0,8.4,375.0,6550.0,,,,,,,,,1529.0,11546.0,126.0,310.0,-250.0,66.0,38.0,,,38.2,32.24,5591.3,53.71,18.11,1.97,210.0,122.0,1070.0,2040.0,240.0,285.0,20.0,110.0,365.0,235.0,555.0,,,,,1052.726658,1090.4591381,989.2670345,944.8527878,,,,,
121021404,Berowra - Brooklyn - Cowan,Hornsby,14000,Hornsby,,,,,,,,,31666.934999999998,18.0,,,,,,,2153.0,11729.0,-39.0,95.0,-161.0,27.0,40.0,,,21.4,9.69,143.5,47.23,15.46,0.81,95.0,16.0,,,,,,,,,,,,,,,,,,,,,,
104021089,Sawtell - Boambee,Coffs Harbour,11800,Coffs Harbour,1304.0,47.0,151.0,60.0,,,795.0,,,,,,,,,,,20362.0,87.0,91.0,-23.0,19.0,,,,,,172.2,,,,,,3155.0,5365.0,1835.0,1260.0,135.0,430.0,1025.0,735.0,915.0,,,,,949.0500655,943.90725556,976.145802,984.9697697,,,,,
117031640,Newtown (NSW),Sydney Inner City,14170,Inner West,,,,,,,,,,,,,,,,,,15548.0,149.0,494.0,-419.0,74.0,,,,,,9898.8,,,,,,,,,,,,,,,,,,,,,,,,,,,
102021055,Tuggerah - Kangy Angy,Wyong,11650,Central Coast (NSW),1053.0,57.0,69.0,54.0,86.0,2.9,140.0,2961.0,36048.365,2.0,47610000.0,815000.0,650.0,319.0,745000.0,550.0,1516.0,5296.0,14.0,54.0,-76.0,36.0,37.0,27.13,10.84,18.5,10.39,190.2,34.7,8.86,3.43,182.0,26.0,600.0,995.0,375.0,280.0,20.0,75.0,260.0,185.0,165.0,,,,,995.5707149,977.28913014,1012.630047,1025.910498,9.38,83.09,6.89,6.51,6.32
117031333,Potts Point - Woolloomooloo,Sydney Inner City,17200,Sydney,3040.0,42.0,232.0,202.0,650.0,4.6,665.0,13986.0,,,,,,,,,1861.0,19653.0,571.0,954.0,-347.0,-36.0,35.0,,,34.75,18.26,13427.8,62.28,26.0,1.07,227.0,205.0,1045.0,2050.0,905.0,205.0,20.0,95.0,555.0,130.0,530.0,,,,,1134.260043,1168.7359123,1050.486652,873.0775244,,,,,
115021297,Dural - Kenthurst - Wisemans Ferry,Dural - Wisemans Ferry,17420,The Hills,4034.0,115.0,192.0,134.0,,,305.0,,109520.245,83.0,,,,,,,2195.0,22941.0,165.0,208.0,-52.0,9.0,42.0,,,22.29,16.49,60.8,44.34,13.78,0.72,152.0,35.0,1725.0,2445.0,530.0,495.0,25.0,110.0,495.0,315.0,330.0,,,,,,,,,,,,,
117031643,Rosebery - Beaconsfield,Sydney Inner City,17200,Sydney,,,,,,,,,,,,,,,,,,13593.0,261.0,406.0,-287.0,142.0,,,,,,8276.8,,,,,,,,,,,,,,,,,,,,,,,,,,,
102011037,Point Clare - Koolewong,Gosford,11650,Central Coast (NSW),394.0,9.0,37.0,15.0,77.0,2.2,175.0,3490.0,3569.6809999999996,3.0,,1120833.3333333333,705.0,668.3333333333334,732500.0,564.3333333333334,1407.0,6667.0,35.0,48.0,12.0,-25.0,44.0,22.74,18.16,19.16,8.09,983.4,41.07,12.04,1.95,121.0,9.0,955.0,1405.0,375.0,240.0,15.0,75.0,235.0,165.0,205.0,,,,,1025.37086,1028.4150032,1032.581142,1017.171787,1.83,5.48,1.52,2.59,1.22
